,City,Lat,Lng,Max Temp,Humidity,Cloudiness,Wind Speed,Country,Date
0,saint george,37.1,-113.58,46.99400000000007,15,1,3.6,US,1603817967
1,dikson,73.51,80.55,10.418000000000085,96,100,7.79,RU,1603818042
2,torbay,47.67,-52.73,41.0,100,90,4.1,CA,1603818179
3,castro,-24.79,-50.01,77.95400000000005,41,21,4.25,BR,1603818180
4,santa isabel do rio negro,-0.41,-65.02,93.81200000000005,48,93,0.65,BR,1603818182
5,ayagoz,47.97,80.44,48.83000000000004,48,36,8.52,KZ,1603818182
6,olga,43.74,135.29,41.45,83,34,1.46,RU,1603818182
7,bodden town,19.28,-81.25,87.8,70,20,7.7,KY,1603818182
8,rikitea,-23.12,-134.97,75.11000000000008,85,73,7.39,PF,1603818182
9,cabo san lucas,22.89,-109.91,82.00400000000005,69,5,2.11,MX,1603817960
10,kapaa,22.08,-159.32,71.6,83,40,3.6,US,1603818182
11,hobart,-42.88,147.33,48.2,93,75,2.1,AU,1603818168
12,turbat,26.0,63.04,66.56000000000009,50,0,0.61,PK,1603818182
13,cape town,-33.93,18.42,66.2,72,20,4.6,ZA,1603818143
14,bardiyah,31.76,25.09,71.83399999999999,64,25,2.82,LY,1603818182
15,namibe,-15.2,12.15,71.07800000000006,78,21,3.84,AO,1603818377
16,albany,42.6,-73.97,51.008,65,56,2.76,US,1603818277
17,araouane,18.9,-3.53,96.06200000000005,10,22,4.56,ML,1603818377
18,hermanus,-34.42,19.23,64.00400000000005,85,99,1.79,ZA,1603818328
19,bredasdorp,-34.53,20.04,69.8,60,91,9.3,ZA,1603818349
20,naberera,-4.2,36.93,69.13399999999999,60,40,4.08,TZ,1603818377
21,champaign,40.13,-88.2,42.008,93,90,2.6,US,1603818377
22,moose factory,51.26,-80.61,30.2,54,75,5.1,CA,1603818377
23,mataura,-46.19,168.86,39.00200000000008,92,16,0.45,NZ,1603818328
24,sovetskiy,61.36,63.58,19.49000000000002,95,37,1.2,RU,1603818377
25,carnarvon,-24.87,113.63,69.8,83,40,10.3,AU,1603818316
26,east london,-33.02,27.91,71.6,88,20,6.2,ZA,1603818370
27,mamaku,-38.1,176.08,59.0,90,100,1.34,NZ,1603818377
28,bambous virieux,-20.34,57.76,75.2,73,75,2.6,MU,1603818378
29,tiksi,71.69,128.87,1.544000000000075,92,90,3.63,RU,1603818337
30,akureyri,65.68,-18.09,37.4,64,90,3.6,IS,1603818378
31,gisborne,-38.65,178.0,53.00600000000003,85,100,0.89,NZ,1603818248
32,luderitz,-26.65,15.16,60.81800000000008,69,57,6.32,NA,1603818378
33,te anau,-45.42,167.72,39.524000000000015,90,31,0.46,NZ,1603818378
34,lae,-6.72,146.98,75.99199999999999,82,99,2.61,PG,1603818379
35,bluff,-46.6,168.33,39.00200000000008,92,4,0.45,NZ,1603818259
36,puerto ayora,-0.74,-90.35,73.4,78,75,5.1,EC,1603818277
37,hilo,19.73,-155.09,73.4,88,75,2.52,US,1603818148
38,bethel,41.37,-73.41,55.99400000000007,62,40,2.6,US,1603818112
39,nome,64.5,-165.41,30.2,80,90,2.18,US,1603818380
40,port alfred,-33.59,26.89,71.36600000000001,87,70,5.06,ZA,1603818279
41,tuktoyaktuk,69.45,-133.04,10.399999999999999,85,90,6.2,CA,1603818312
42,mackay,-21.15,149.2,73.4,83,90,2.6,AU,1603818380
43,novyy urengoy,66.08,76.63,-1.6779999999999617,91,0,3.81,RU,1603818380
44,pryyutivka,48.72,33.07,54.64400000000008,63,0,3.93,UA,1603818381
45,sturgis,41.8,-85.42,39.992,86,90,1.24,US,1603818381
46,portland,45.52,-122.68,44.00600000000003,55,20,1.5,US,1603817684
47,ilulissat,69.22,-51.1,24.8,58,75,1.86,GL,1603818381
48,ponta do sol,32.67,-17.1,68.0,68,75,5.7,PT,1603818381
49,busselton,-33.65,115.33,60.008,72,60,4.57,AU,1603818332
50,butaritari,3.07,172.79,80.816,69,85,3.67,KI,1603818333
51,oranjemund,-28.55,16.43,60.09800000000003,77,63,4.66,NA,1603818351
52,vaini,-21.2,-175.2,71.6,88,40,4.1,TO,1603818310
53,denpasar,-8.65,115.22,77.0,88,20,2.1,ID,1603818331
54,oktyabrskoye,43.06,44.74,53.6,87,75,3.0,RU,1603818382
55,bozova,37.36,38.53,71.6,19,0,2.1,TR,1603818382
56,touros,-5.2,-35.46,86.0,62,75,6.2,BR,1603818372
57,jamestown,42.1,-79.24,46.004000000000055,87,90,2.6,US,1603818077
58,mgandu,-5.95,34.13,74.01200000000006,43,78,2.0,TZ,1603818383
59,saldanha,-33.01,17.94,66.2,68,100,4.6,ZA,1603818375
60,ushuaia,-54.8,-68.3,44.6,48,40,8.7,AR,1603818069
61,karratha,-20.74,116.85,67.73000000000005,88,18,1.73,AU,1603818270
62,punta arenas,-53.15,-70.92,48.2,45,40,5.7,CL,1603818318
63,chuy,-33.7,-53.46,63.266000000000005,80,100,7.54,UY,1603818366
64,bandarbeyla,9.49,50.81,76.62200000000004,78,0,5.88,SO,1603818373
65,varna,43.22,27.92,60.8,93,75,2.1,BG,1603818383
66,leningradskiy,69.38,178.42,17.78000000000004,90,37,8.68,RU,1603818347
67,guerrero negro,27.98,-114.06,69.18800000000005,24,0,6.38,MX,1603818326
68,coihaique,-45.58,-72.07,42.8,81,90,3.6,CL,1603818367
69,saint-augustin,51.23,-58.65,35.34800000000003,79,99,2.44,CA,1603818320
70,mareeba,-17.0,145.43,77.0,78,93,1.5,AU,1603818385
71,bubaque,11.28,-15.83,83.984,74,82,4.64,GW,1603818385
72,ambon,-3.7,128.18,80.99600000000005,92,61,1.53,ID,1603818385
73,santa fe,-31.63,-60.7,78.99800000000002,30,0,2.68,AR,1603818385
74,beatrice,40.27,-96.75,30.991999999999997,63,1,3.6,US,1603818246
75,broken hill,-31.95,141.43,55.4,76,75,3.1,AU,1603818385
76,havre-saint-pierre,50.23,-63.6,33.8,87,90,3.6,CA,1603818345
77,pyay,18.82,95.22,76.13600000000007,88,18,0.77,MM,1603818386
78,ndjole,-0.18,10.76,77.792,90,55,2.82,GA,1603818386
79,mar del plata,-38.0,-57.56,66.2,55,0,4.6,AR,1603818144
80,iqaluit,63.75,-68.51,15.8,72,40,2.6,CA,1603818386
81,kurilsk,45.23,147.88,45.608000000000004,70,76,3.51,RU,1603818386
82,shirokiy,49.76,129.52,32.55800000000001,92,4,2.15,RU,1603818386
83,sao filipe,14.9,-24.5,82.67000000000006,65,97,3.72,CV,1603818319
84,lao cai,22.48,103.95,73.14800000000002,81,67,0.17,VN,1603818386
85,victoria,22.29,114.16,77.0,73,85,1.34,HK,1603818283
86,filingue,14.35,3.32,93.75800000000001,10,35,3.39,NE,1603818386
87,pacific grove,36.62,-121.92,62.00600000000003,24,1,2.1,US,1603818386
88,constitucion,-35.33,-72.42,56.60600000000003,77,96,3.63,CL,1603818231
89,arman,59.7,150.17,28.472000000000037,84,0,3.1,RU,1603818387
90,olafsvik,64.89,-23.71,39.38000000000004,72,100,9.02,IS,1603818387
91,elliot lake,46.38,-82.63,35.6,81,75,4.1,CA,1603818387
92,port elizabeth,-33.92,25.57,66.2,88,0,4.6,ZA,1603818354
93,new norfolk,-42.78,147.06,46.99400000000007,85,98,0.75,AU,1603818387
94,henties bay,-22.12,14.28,59.0,85,1,1.79,NA,1603818387
95,latung,5.5,120.88,82.85,71,100,4.12,PH,1603818387
96,zelenoborsk,61.47,64.03,18.302000000000078,95,37,1.25,RU,1603818387
97,samdrup jongkhar,26.92,91.62,64.47200000000004,67,3,2.38,BT,1603818388
98,sitka,57.05,-135.33,44.6,87,90,1.5,US,1603818243
99,taoudenni,22.68,-3.98,96.60200000000007,10,93,3.14,ML,1603818362
100,severo-kurilsk,50.68,156.12,42.332000000000015,84,6,3.14,RU,1603818353
101,barrow,71.29,-156.79,28.4,79,75,4.6,US,1603818388
102,sibolga,1.74,98.78,76.892,78,10,1.45,ID,1603818329
103,lagoa,39.05,-27.98,63.42800000000007,69,92,6.39,PT,1603818388
104,grand gaube,-20.01,57.66,73.99400000000007,73,10,1.34,MU,1603818388
105,mehamn,71.04,27.85,32.0,86,0,6.7,NO,1603818388
106,saint-philippe,-21.36,55.77,75.2,73,75,3.17,RE,1603818388
107,volot,57.93,30.7,48.65,86,2,5.56,RU,1603818389
108,bathsheba,13.22,-59.52,86.0,74,40,9.8,BB,1603818389
109,coquimbo,-29.95,-71.34,57.2,76,90,4.1,CL,1603818196
110,camana,-16.62,-72.71,68.88200000000002,58,65,4.6,PE,1603818389
111,jinchang,38.5,102.17,41.63000000000004,65,100,1.62,CN,1603818389
112,praia da vitoria,38.73,-27.07,66.2,63,40,6.37,PT,1603818350
113,srednekolymsk,67.45,153.68,13.154000000000053,89,90,2.94,RU,1603818389
114,yatou,37.15,122.38,55.52600000000009,58,100,4.9,CN,1603818389
115,bonthe,7.53,-12.51,84.63200000000002,71,75,3.63,SL,1603818339
116,ust-tsilma,65.44,52.15,35.258,95,100,3.29,RU,1603818389
117,vila franca do campo,37.72,-25.43,68.0,64,20,6.2,PT,1603818389
118,germantown,39.17,-77.27,60.998000000000026,82,90,2.5,US,1603818112
119,tasiilaq,65.61,-37.64,32.0,93,75,9.3,GL,1603818346
120,cherskiy,68.75,161.3,5.648000000000025,93,45,3.2,RU,1603818319
121,klaksvik,62.23,-6.59,42.8,75,49,3.1,FO,1603818390
122,gat,31.61,34.76,78.00800000000001,100,0,2.85,IL,1603818184
123,tabas,33.6,56.92,71.6,19,0,2.1,IR,1603818127
124,mahebourg,-20.41,57.7,75.2,73,75,2.6,MU,1603818310
125,chinsali,-10.54,32.08,75.86600000000001,39,49,3.46,ZM,1603818390
126,andrews,32.32,-102.55,26.6,100,90,4.6,US,1603818390
127,atuona,-9.8,-139.03,77.99000000000002,77,45,10.25,PF,1603818276
128,lekoni,-1.58,14.26,76.424,85,98,1.01,GA,1603818391
129,kangaatsiaq,68.31,-53.46,20.678000000000065,93,10,4.97,GL,1603818391
130,riberalta,-10.98,-66.1,75.2,100,90,6.2,BO,1603818391
131,chokurdakh,70.63,147.92,8.24000000000002,95,100,1.01,RU,1603818359
132,batagay,67.63,134.63,6.638000000000044,94,100,1.25,RU,1603818392
133,lorengau,-2.02,147.27,80.25800000000001,76,83,0.62,PG,1603818335
134,cervo,43.67,-7.41,57.992,92,92,2.68,ES,1603818392
135,gluckstadt,53.78,9.42,51.998000000000026,82,71,1.79,DE,1603818392
136,storm lake,42.64,-95.21,28.4,68,1,6.7,US,1603818392
137,avarua,-21.21,-159.78,69.8,83,100,3.6,CK,1603818238
138,puerto escondido,15.85,-97.07,78.8,74,90,2.68,MX,1603818393
139,mulege,26.88,-111.98,70.88000000000004,33,0,6.6,MX,1603818381
140,aklavik,68.22,-135.01,8.600000000000001,92,90,0.26,CA,1603818395
141,isangel,-19.55,169.27,74.03000000000004,82,30,6.12,VU,1603818395
142,hasaki,35.73,140.83,55.004000000000055,93,20,2.6,JP,1603818113
143,melton,-37.68,144.58,51.998000000000026,91,33,0.85,AU,1603818290
144,shambu,9.57,37.1,51.98000000000004,47,19,0.99,ET,1603818395
145,lasa,46.62,10.7,44.00600000000003,69,75,1.5,IT,1603818395
146,souillac,-20.52,57.52,75.2,73,75,2.6,MU,1603818395
147,los llanos de aridane,28.66,-17.92,73.4,64,75,5.7,ES,1603818332
148,port blair,11.67,92.75,80.13200000000002,77,2,1.23,IN,1603818308
149,khandyga,62.67,135.6,15.962000000000057,97,100,0.84,RU,1603818396
150,zyryanovsk,49.74,84.27,42.458000000000006,60,100,0.71,KZ,1603818396
151,wuwei,37.93,102.64,39.992,87,81,0.45,CN,1603818396
152,porto novo,6.5,2.6,84.2,83,40,5.7,BJ,1603818396
153,mecca,21.43,39.83,80.31200000000005,67,0,1.28,SA,1603818348
154,kununurra,-15.77,128.73,78.8,88,80,2.6,AU,1603818319
155,kidodi,-7.6,37.0,78.74600000000005,65,62,2.22,TZ,1603818396
156,kitsuki,33.42,131.62,51.998000000000026,68,84,1.61,JP,1603818397
157,nanortalik,60.14,-45.24,31.388000000000044,88,100,2.45,GL,1603818394
158,rhyl,53.32,-3.49,51.008,87,76,4.02,GB,1603818397
159,katsuura,35.13,140.3,60.8,72,20,4.1,JP,1603818348
160,dandong,40.13,124.39,42.530000000000044,60,90,2.58,CN,1603818397
161,muzhi,65.37,64.67,9.62600000000009,95,100,1.51,RU,1603818397
162,saint-pierre,-21.34,55.48,75.2,73,75,1.45,RE,1603818397
163,khatanga,71.97,102.5,2.75,94,98,5.81,RU,1603818335
164,dunedin,-45.87,170.5,46.99400000000007,85,1,1.64,NZ,1603818320
165,norman wells,65.28,-126.83,21.2,92,75,5.1,CA,1603818387
166,naze,28.37,129.48,68.0,82,20,1.5,JP,1603818397
167,odweyne,9.41,45.06,73.74199999999999,30,13,7.89,SO,1603818397
168,thompson,55.74,-97.86,24.8,73,90,2.6,CA,1603818334
169,ahipara,-35.17,173.17,57.524000000000015,91,66,1.3,NZ,1603818399
170,avera,33.19,-82.53,75.2,78,1,1.75,US,1603818320
171,matara,5.95,80.54,78.04400000000007,87,98,3.04,LK,1603818399
172,balykshi,47.07,51.87,35.6,51,0,4.0,KZ,1603818399
173,weligama,5.97,80.42,78.26000000000008,87,99,2.92,LK,1603818399
174,kenai,60.55,-151.26,32.0,92,1,1.69,US,1603818399
175,lebu,-37.62,-73.65,54.08600000000007,64,21,5.04,CL,1603818346
176,igarka,67.47,86.58,-3.0639999999999787,87,0,2.79,RU,1603818400
177,chernyshevskiy,63.01,112.47,14.84600000000005,98,100,1.33,RU,1603818400
178,gogrial,8.53,28.1,83.10200000000007,55,50,2.03,SS,1603818400
179,cidreira,-30.18,-50.21,65.858,76,92,8.03,BR,1603818338
180,yumen,40.28,97.2,38.912000000000056,62,100,0.88,CN,1603818401
181,port macquarie,-31.43,152.92,59.0,96,98,2.95,AU,1603818401
182,ribeira grande,38.52,-28.7,69.8,56,40,3.6,PT,1603818401
183,atlantic beach,30.33,-81.4,82.4,78,75,4.6,US,1603818402
184,san patricio,28.02,-97.52,57.2,100,90,4.1,US,1603818399
185,nueva loja,0.08,-76.88,73.4,100,90,3.6,EC,1603818404
186,muros,42.78,-9.06,60.008,92,99,4.02,ES,1603818341
187,tazovskiy,67.47,78.7,-3.1899999999999693,90,0,3.79,RU,1603818404
188,nikolskoye,59.7,30.79,53.6,76,75,3.0,RU,1603818339
189,imbituba,-28.24,-48.67,80.6,61,40,5.1,BR,1603818382
190,saskylakh,71.92,114.08,2.5520000000000778,92,98,3.33,RU,1603818345
191,beringovskiy,63.05,179.32,28.07600000000009,92,81,5.05,RU,1603818405
192,havoysund,71.0,24.66,35.6,80,0,9.3,NO,1603818405
193,talnakh,69.49,88.4,1.3999999999999986,84,0,3.0,RU,1603818405
194,ambovombe,-25.17,46.08,71.942,84,0,8.71,MG,1603818405
195,la ronge,55.1,-105.28,28.4,86,90,2.1,CA,1603818371
196,clyde river,70.47,-68.59,14.0,56,75,4.6,CA,1603818189
197,isabela,6.71,121.97,78.58399999999999,82,100,1.35,PH,1603818405
198,iracoubo,5.48,-53.2,86.25200000000008,66,12,5.22,GF,1603818405
199,kirakira,-10.45,161.92,79.30400000000006,83,93,3.71,SB,1603818393
200,esperance,-33.87,121.9,55.4,100,15,2.1,AU,1603818201
201,teguise,29.06,-13.56,75.2,50,40,7.7,ES,1603818405
202,carbonia,39.17,8.52,62.6,77,40,3.6,IT,1603818405
203,jacareacanga,-6.22,-57.75,82.99400000000007,72,98,0.91,BR,1603818187
204,geraldton,-28.77,114.6,64.4,72,90,3.6,AU,1603818324
205,haapiti,-17.57,-149.87,78.8,83,75,5.1,PF,1603818406
206,hualmay,-11.1,-77.61,69.20600000000003,68,68,4.24,PE,1603818367
207,thinadhoo,0.53,72.93,83.73200000000001,68,37,3.73,MV,1603818406
208,konstantinovka,49.62,127.98,33.17000000000006,89,5,2.99,RU,1603818406
209,jumla,29.27,82.18,44.924000000000014,59,0,1.75,NP,1603818329
210,saint anthony,45.02,-93.22,30.002000000000077,63,1,5.1,US,1603818406
211,vila velha,-20.33,-40.29,80.99600000000005,69,40,5.7,BR,1603818363
212,gornopravdinsk,60.05,69.9,17.582000000000015,95,99,4.77,RU,1603818406
213,hithadhoo,-0.6,73.08,83.94800000000002,66,76,3.71,MV,1603818081
214,kruisfontein,-34.0,24.73,68.0,84,90,0.45,ZA,1603818406
215,moussoro,13.64,16.49,90.37400000000001,12,6,4.51,TD,1603818406
216,koumac,-20.57,164.28,72.89600000000004,79,71,1.64,NC,1603818406
217,tadine,-21.55,167.88,72.842,78,60,6.24,NC,1603818406
218,yellowknife,62.46,-114.35,19.4,67,90,5.1,CA,1603818335
219,laguna,38.42,-121.42,59.0,50,1,0.6,US,1603818407
220,kihei,20.79,-156.47,78.8,74,1,0.98,US,1603818407
221,ulaangom,49.98,92.07,25.178000000000065,91,48,0.8,MN,1603818407
222,namatanai,-3.67,152.43,79.34000000000002,78,61,1.26,PG,1603818366
223,qaanaaq,77.48,-69.36,8.690000000000019,78,82,5.53,GL,1603818348
224,beloha,-25.17,45.05,71.38399999999999,79,0,6.9,MG,1603818407
225,san jose de gracia,20.67,-102.58,74.80400000000006,52,67,1.97,MX,1603818407
226,boa vista,2.82,-60.67,93.2,44,75,5.7,BR,1603818407
227,las vegas,36.17,-115.14,55.99400000000007,8,1,4.6,US,1603817628
228,bengkulu,-3.8,102.27,75.95600000000003,86,95,1.57,ID,1603818316
229,ostrovnoy,68.05,39.51,41.32400000000001,92,100,8.09,RU,1603818407
230,kontagora,10.4,5.47,83.42600000000009,35,7,0.22,NG,1603818407
231,kavaje,41.19,19.56,60.8,77,0,1.0,AL,1603818407
232,shenjiamen,29.96,122.3,66.50600000000003,74,68,4.11,CN,1603818407
233,haines junction,60.75,-137.51,28.25600000000003,92,95,1.43,CA,1603818407
234,tignere,7.37,12.65,69.81800000000008,66,8,1.22,CM,1603818407
235,necochea,-38.55,-58.74,69.99800000000002,52,0,3.22,AR,1603818340
236,belmonte,-15.86,-38.88,86.0,66,40,6.7,BR,1603818408
237,vanimo,-2.67,141.3,78.36800000000008,78,100,0.64,PG,1603818408
238,martapura,-3.42,114.85,75.2,100,40,3.6,ID,1603818408
239,diglur,18.55,77.6,74.49800000000002,66,45,0.58,IN,1603818409
240,naryan-mar,67.67,53.09,34.412000000000056,96,100,5.25,RU,1603818409
241,craig,40.52,-107.55,6.800000000000001,84,1,0.73,US,1603818409
242,ajaccio,42.0,8.92,57.2,76,75,1.5,FR,1603818166
243,burgeo,47.62,-57.62,46.90400000000005,93,100,3.09,CA,1603818409
244,presidente olegario,-18.42,-46.42,82.63399999999999,54,77,3.18,BR,1603818409
245,podkletnoye,51.59,39.46,42.8,81,0,5.0,RU,1603818409
246,huangchuan,32.13,115.04,64.22000000000006,67,100,3.62,CN,1603818409
247,rypefjord,70.63,23.67,32.0,89,0,1.0,NO,1603818409
248,itoman,26.12,127.67,73.4,73,40,3.6,JP,1603818410
249,pangkalanbuun,-2.68,111.62,73.54400000000007,97,100,0.25,ID,1603818411
250,georgetown,5.41,100.34,82.4,83,20,1.5,MY,1603817949
251,sainte-marie,-20.9,55.55,73.4,69,90,2.6,RE,1603818411
252,that phanom,16.94,104.71,69.62000000000006,81,99,2.04,TH,1603818411
253,vardo,70.37,31.11,35.6,84,40,11.8,NO,1603818186
254,graneros,-34.07,-70.73,64.99400000000007,40,100,2.07,CL,1603818226
255,nerang,-27.98,153.33,66.00200000000008,95,38,0.45,AU,1603818411
256,jega,12.22,4.38,87.09800000000003,20,2,2.12,NG,1603818412
257,eyl,7.98,49.82,79.05200000000008,66,83,4.38,SO,1603818129
258,lashio,22.93,97.75,65.3,94,0,0.68,MM,1603818413
259,kaitangata,-46.28,169.85,48.00200000000008,78,4,0.45,NZ,1603818385
260,ludvika,60.15,15.19,46.4,93,93,4.1,SE,1603818413
261,palmer,42.16,-72.33,53.99600000000005,62,75,3.1,US,1603818360
262,wageningen,51.97,5.67,53.00600000000003,76,90,7.2,NL,1603818413
263,aitape,-3.14,142.35,78.0260000000001,84,100,1.75,PG,1603818413
264,sistranda,63.73,8.83,44.6,81,0,3.6,NO,1603818413
265,port lincoln,-34.73,135.87,55.16600000000001,88,0,2.64,AU,1603818412
266,freeport,40.66,-73.58,60.008,54,40,5.1,US,1603817638
267,slave lake,55.28,-114.77,42.8,81,90,6.2,CA,1603818404
268,mount isa,-20.73,139.5,69.8,16,0,4.6,AU,1603818396
269,sept-iles,50.2,-66.38,35.99600000000005,74,75,3.6,CA,1603818413
270,sanary-sur-mer,43.12,5.8,59.0,56,6,2.68,FR,1603818413
271,provideniya,64.38,-173.3,30.128000000000064,95,88,1.21,RU,1603818350
272,nioro,13.35,-15.75,97.25,25,4,1.56,GM,1603818413
273,manggar,-2.88,108.27,79.28600000000007,85,100,3.44,ID,1603818414
274,doctor arroyo,23.67,-100.18,70.61000000000008,39,65,4.18,MX,1603818414
275,manokwari,-0.87,134.08,79.358,77,87,1.87,ID,1603818414
276,nyazepetrovsk,56.05,59.6,23.77400000000001,95,66,2.43,RU,1603818415
277,bandar,2.05,99.75,72.59000000000002,88,35,1.15,ID,1603818416
278,acarau,-2.89,-40.12,87.09800000000003,55,47,7.28,BR,1603818416
279,arraial do cabo,-22.97,-42.03,82.4,65,0,5.7,BR,1603818349
280,margate,51.38,1.39,55.99400000000007,94,100,2.24,GB,1603818417
281,akdepe,42.06,59.38,41.0,52,0,3.1,TM,1603818417
282,maltahohe,-24.83,16.98,83.75,14,71,9.17,NA,1603818417
283,manavalakurichi,8.13,77.3,82.4,94,20,1.0,IN,1603818417
284,kaele,10.11,14.45,84.81200000000005,24,0,1.58,CM,1603818417
285,sri aman,1.24,111.46,77.0,94,96,0.83,MY,1603818417
286,nueve de julio,-35.44,-60.88,73.99400000000007,44,4,2.68,AR,1603818417
287,oxapampa,-10.58,-75.4,71.54600000000005,77,29,1.92,PE,1603818417
288,saint-joseph,-21.37,55.62,75.2,73,75,2.58,RE,1603818358
289,kismayo,-0.36,42.55,80.20400000000005,81,68,5.78,SO,1603818412
290,murray bridge,-35.12,139.27,46.99400000000007,98,37,1.05,AU,1603818418
291,pangnirtung,66.15,-65.71,14.0,61,20,2.6,CA,1603818351
292,husavik,66.04,-17.34,37.4,64,90,3.6,IS,1603818369
293,madanapalle,13.55,78.5,68.684,86,0,1.17,IN,1603818418
294,redmond,47.67,-122.12,48.992,87,14,0.87,US,1603818352
295,joshimath,30.57,79.57,49.64000000000002,44,0,1.76,IN,1603818418
296,aswan,24.09,32.91,86.86400000000003,28,0,3.93,EG,1603818418
297,cayenne,4.93,-52.33,89.6,62,0,4.1,GF,1603818418
298,tuy hoa,13.08,109.3,74.642,86,100,14.29,VN,1603818418
299,salalah,17.02,54.09,80.6,69,0,2.6,OM,1603818349
300,arica,-18.48,-70.3,69.99800000000002,60,0,6.2,CL,1603818391
301,grootfontein,-19.57,18.12,86.0,14,88,4.12,NA,1603818418
302,omboue,-1.57,9.26,77.99000000000002,83,84,4.03,GA,1603818368
303,banda aceh,5.56,95.32,80.33000000000004,76,71,5.87,ID,1603818178
304,codrington,-38.27,141.97,46.38200000000002,94,22,2.9,AU,1603818388
305,faanui,-16.48,-151.75,79.66400000000003,82,76,7.82,PF,1603818321
306,labuhan,-6.88,112.21,79.10600000000002,83,100,3.51,ID,1603818419
307,ishigaki,24.34,124.16,77.81000000000009,74,54,6.35,JP,1603818419
308,hamilton,39.18,-84.53,51.998000000000026,81,90,0.4,US,1603817816
309,lensk,60.73,114.93,18.35600000000003,92,100,1.19,RU,1603818419
310,airai,-8.93,125.41,61.28600000000007,100,92,0.43,TL,1603818384
311,shirvan,39.95,48.9,60.96200000000006,66,0,7.26,AZ,1603818419
312,mana,5.66,-53.78,86.9,65,18,4.68,GF,1603818419
313,svetlaya,46.54,138.33,41.19800000000002,78,93,2.04,RU,1603818419
314,northam,51.03,-4.22,55.99400000000007,79,80,5.81,GB,1603818419
315,salvador,13.83,-88.92,87.8,70,75,1.5,SV,1603818419
316,katangli,51.71,143.23,34.754000000000055,89,61,1.99,RU,1603818419
317,progreso,21.28,-89.67,77.0,94,90,8.2,MX,1603818420
318,lompoc,34.64,-120.46,53.6,66,1,3.1,US,1603818420
319,date,42.47,140.87,48.38000000000004,66,91,1.74,JP,1603818420
320,high level,58.52,-117.14,28.4,86,90,2.6,CA,1603818421
321,tarakan,3.3,117.63,81.01400000000004,79,100,1.55,ID,1603818421
322,stornoway,58.21,-6.39,48.2,93,75,4.1,GB,1603818421
323,yermish,54.77,42.27,36.878000000000064,82,87,3.6,RU,1603818421
324,tongchuan,35.08,109.09,46.23800000000004,69,100,1.22,CN,1603818421
325,vao,-22.67,167.48,72.89600000000004,79,69,8.4,NC,1603818422
326,pevek,69.7,170.31,19.94000000000002,96,100,7.41,RU,1603818331
327,solnechnyy,50.72,136.63,31.262000000000057,93,99,0.56,RU,1603818422
328,bako,5.78,36.57,65.01200000000006,87,65,1.79,ET,1603818422
329,balkanabat,39.51,54.37,64.70600000000003,34,0,6.31,TM,1603818347
330,dehloran,32.69,47.27,74.89400000000008,18,0,3.01,IR,1603818422
331,adrar,20.5,-10.07,95.73800000000004,10,0,4.81,MR,1603818423
332,prado,-17.34,-39.22,80.22200000000004,76,79,3.44,BR,1603818423
333,hastings,50.86,0.57,57.2,93,90,13.4,GB,1603818423
334,bilibino,68.05,166.44,-1.89399999999997,90,99,0.29,RU,1603818423
335,port keats,-14.25,129.55,79.84400000000008,79,70,2.6,AU,1603818423
336,zyryanka,65.75,150.85,12.218000000000085,91,87,2.5,RU,1603818423
337,mandali,33.75,45.55,71.87000000000006,19,0,2.88,IQ,1603818423
338,sabang,5.89,95.32,82.58000000000004,77,51,8.57,ID,1603818423
339,longyearbyen,78.22,15.64,32.0,94,75,5.1,SJ,1603818161
340,ust-omchug,61.15,149.63,13.208000000000006,89,0,0.55,RU,1603818423
341,prince rupert,54.32,-130.32,48.2,100,90,1.27,CA,1603818247
342,dawei,14.08,98.2,75.38000000000004,88,92,1.21,MM,1603818425
343,ocampo,21.65,-101.5,70.50200000000008,34,35,1.64,MX,1603818425
344,novobirilyussy,56.95,90.67,36.69800000000002,84,100,2.88,RU,1603818425
345,monrovia,6.3,-10.8,86.0,74,75,5.1,LR,1603818343
346,savannah bight,16.45,-85.85,82.38200000000002,71,67,2.11,HN,1603818425
347,makakilo city,21.35,-158.09,75.2,88,1,1.5,US,1603818425
348,upernavik,72.79,-56.15,18.068000000000087,84,0,3.13,GL,1603818377
349,karup,56.31,9.17,46.99400000000007,93,75,2.6,DK,1603818425
350,kirensk,57.79,108.11,25.34000000000002,97,100,1.2,RU,1603818425
351,kalat,29.02,66.59,50.88200000000002,36,0,0.87,PK,1603818425
352,annau,37.89,58.52,62.6,45,20,3.1,TM,1603818425
353,plougastel-daoulas,48.37,-4.37,55.4,82,75,4.6,FR,1603818425
354,borba,-4.39,-59.59,99.82400000000001,37,93,1.25,BR,1603818425
355,mastic beach,40.77,-72.85,60.8,59,75,4.1,US,1603818188
356,sylva,58.03,56.76,24.8,92,0,3.0,RU,1603818341
357,turtas,58.94,69.13,20.966000000000008,95,100,5.86,RU,1603818426
358,grants,35.15,-107.85,21.2,85,90,1.5,US,1603818225
359,houma,29.6,-90.72,82.00400000000005,83,90,4.1,US,1603818426
360,amuntai,-2.42,115.25,74.93000000000004,94,100,0.58,ID,1603818426
361,phak hai,14.46,100.37,78.99800000000002,89,100,1.34,TH,1603818426
362,pajapita,14.72,-92.03,86.0,74,75,2.1,GT,1603818426
363,pontivy,48.0,-3.0,57.2,87,75,4.1,FR,1603818426
364,tura,25.52,90.22,69.72800000000007,90,0,1.65,IN,1603818249
365,itarema,-2.92,-39.92,86.91800000000009,56,35,6.59,BR,1603818426
366,iquique,-20.22,-70.14,68.0,52,0,5.7,CL,1603818398
367,liuzhou,24.31,109.39,70.358,68,70,4.22,CN,1603818426
368,xai-xai,-25.05,33.64,76.02800000000006,73,13,6.0,MZ,1603818426
369,bull savanna,17.89,-77.59,83.35400000000006,71,100,3.62,JM,1603818427
370,kahului,20.89,-156.47,78.8,74,1,1.34,US,1603818427
371,monte san pietro,44.44,11.14,59.0,62,20,1.5,IT,1603818427
372,rajapur,25.38,81.15,76.19000000000003,31,0,0.55,IN,1603818427
373,marawi,8.0,124.29,75.00200000000008,91,100,2.24,PH,1603818427
374,san rafael del sur,11.85,-86.44,80.6,83,40,1.27,NI,1603818427
375,nemuro,43.32,145.57,49.694000000000074,69,53,1.8,JP,1603818427
376,iquitos,-3.75,-73.25,89.6,66,75,3.1,PE,1603818275
377,maniitsoq,65.42,-52.9,22.604000000000052,88,1,3.51,GL,1603818427
378,alofi,-19.06,-169.92,69.8,100,39,3.6,NU,1603818403
379,sawakin,19.11,37.33,84.36200000000005,72,0,1.78,SD,1603818428
380,kautokeino,69.01,23.04,31.262000000000057,98,100,0.87,NO,1603818428
381,fortuna,40.6,-124.16,51.8,40,1,4.6,US,1603818407
382,marzuq,14.4,46.47,67.55,24,94,0.88,YE,1603818428
383,shingu,33.73,135.98,54.64400000000008,69,2,2.65,JP,1603818428
384,taltal,-25.4,-70.48,64.59800000000003,59,33,3.79,CL,1603818428
385,yonezawa,37.92,140.12,42.008,70,6,0.65,JP,1603818428
386,pisco,-13.7,-76.22,69.8,68,0,3.6,PE,1603818428
387,venice,27.1,-82.45,89.00600000000003,66,20,4.6,US,1603818428
388,quang ngai,15.12,108.8,72.91400000000003,95,100,6.05,VN,1603818428
389,dimona,31.07,35.03,75.00200000000008,100,0,5.52,IL,1603818428
390,yarada,17.65,83.27,82.4,69,75,1.5,IN,1603818429
391,araguaina,-7.19,-48.21,85.83800000000005,62,100,3.06,BR,1603818429
392,champerico,14.3,-91.92,82.4,74,75,2.1,GT,1603818429
393,naifaru,5.44,73.37,83.08399999999999,75,17,3.46,MV,1603818429
394,bontang,0.13,117.5,79.934,78,100,2.31,ID,1603818429
395,kysyl-syr,63.9,122.76,1.2560000000000286,92,11,1.06,RU,1603818326
396,pascagoula,30.37,-88.56,84.2,74,90,4.6,US,1603818429
397,singaraja,-8.11,115.09,79.34000000000002,74,80,2.13,ID,1603818164
398,oschersleben,52.03,11.25,51.998000000000026,74,27,3.58,DE,1603818429
399,ariquemes,-9.91,-63.04,100.20200000000008,32,93,1.73,BR,1603818430
400,kisangani,0.52,25.2,74.46200000000006,94,97,0.9,CD,1603818330
401,jalalabad,34.43,70.45,69.22400000000002,23,0,0.49,AF,1603818430
402,bar harbor,44.39,-68.2,50.0,65,75,4.1,US,1603818421
403,xining,36.62,101.77,31.76600000000001,94,83,0.59,CN,1603818302
404,antofagasta,-23.65,-70.4,68.0,67,40,5.7,CL,1603818234
405,inirida,3.87,-67.92,91.58000000000004,58,57,0.55,CO,1603818430
406,zamosc,50.72,23.25,53.6,100,1,1.0,PL,1603818430
407,qaqortoq,60.72,-46.03,30.77600000000009,94,99,0.08,GL,1603818310
408,chicama,-7.84,-79.15,64.4,82,75,4.6,PE,1603818430
409,tarare,45.9,4.43,55.004000000000055,77,99,0.45,FR,1603818430
410,mozarlandia,-14.74,-50.57,94.47800000000007,39,71,3.07,BR,1603818430
411,burns lake,54.23,-125.75,40.38800000000005,89,100,1.39,CA,1603818430
412,maningrida,-12.07,134.27,78.11600000000001,78,31,1.37,AU,1603818430
413,itaituba,-4.28,-55.98,101.48000000000005,31,93,0.6,BR,1603818431
414,ormara,25.21,64.64,76.64000000000001,66,0,4.35,PK,1603818431
415,neuquen,-38.95,-68.06,64.4,36,0,4.1,AR,1603818330
416,nizwa,22.93,57.53,71.76200000000006,33,0,2.0,OM,1603818431
417,salihorsk,52.79,27.54,49.964000000000034,90,2,3.97,BY,1603818431
418,nuuk,64.18,-51.72,28.4,68,20,2.1,GL,1603818431
419,maldonado,-34.67,-54.92,62.99600000000005,77,75,5.7,UY,1603818431
420,zilupe,56.39,28.12,50.21600000000001,85,39,5.26,LV,1603818431
421,walvis bay,-22.96,14.51,66.2,63,0,5.1,NA,1603818415
422,sinnamary,5.38,-52.95,86.72000000000006,64,24,5.2,GF,1603818375
423,kodiak,57.79,-152.41,42.8,60,1,4.1,US,1603818118
424,komsomolskiy,40.43,71.72,51.8,53,100,3.1,UZ,1603818365
425,melo,-32.37,-54.18,69.71000000000008,67,41,5.3,UY,1603818432
426,synya,65.37,58.04,24.044000000000075,97,100,5.58,RU,1603818433
427,upington,-28.45,21.26,98.6,11,20,6.2,ZA,1603818433
428,saint paul,44.94,-93.09,30.2,53,1,7.2,US,1603818082
429,rawson,-43.3,-65.1,65.49800000000002,26,61,7.67,AR,1603818321
430,lavrentiya,65.58,-171.0,30.38000000000004,96,99,3.32,RU,1603818433
431,phalaborwa,-23.94,31.14,82.4,61,17,1.5,ZA,1603818433
432,bonavista,48.65,-53.11,39.992,81,100,2.68,CA,1603818334
433,muli,2.92,73.57,82.76000000000008,78,7,4.05,MV,1603818433
434,la reforma,25.08,-108.05,80.99600000000005,54,0,6.26,MX,1603818433
435,mahibadhoo,3.78,72.97,82.94000000000003,78,1,4.86,MV,1603818433
436,aberdeen,57.14,-2.1,50.0,81,40,5.7,GB,1603817702
437,srikakulam,18.3,83.9,76.658,70,30,2.56,IN,1603818433
438,pudozh,61.81,36.53,47.498000000000026,82,100,4.74,RU,1603818433
439,lokosovo,61.13,74.82,18.446000000000048,94,75,6.21,RU,1603818433
440,san jose,37.34,-121.89,66.00200000000008,35,5,1.04,US,1603818004
441,jizan,17.33,42.67,87.8,58,0,2.1,SA,1603818433
442,camalu,30.85,-116.07,69.99800000000002,1,0,0.89,MX,1603818434
443,tigil,57.8,158.67,33.96200000000006,90,91,0.69,RU,1603818434
444,narsaq,60.92,-46.05,30.541999999999994,96,100,1.17,GL,1603818187
445,sulangan,11.14,123.72,83.80400000000006,71,77,0.22,PH,1603818434
446,semporna,4.48,118.61,78.8,94,20,2.5,MY,1603818434
447,samarai,-10.62,150.67,80.83399999999999,84,80,2.94,PG,1603818435
448,bure,10.7,37.07,56.89400000000008,85,23,1.7,ET,1603818435
449,bafia,4.75,11.23,77.05400000000006,76,2,1.55,CM,1603818435
450,micomeseng,2.15,10.62,72.55400000000006,96,93,1.86,GQ,1603818435
451,hambantota,6.12,81.12,79.86200000000005,81,86,4.71,LK,1603818435
452,kieta,-6.22,155.63,78.62000000000006,78,5,0.89,PG,1603818436
453,monte alegre de minas,-18.87,-48.88,84.56000000000009,51,74,4.47,BR,1603818436
454,shimoda,34.67,138.95,53.99600000000005,83,15,2.9,JP,1603818197
455,pilar,-9.6,-35.96,84.2,70,75,6.2,BR,1603818436
456,lichinga,-13.31,35.24,68.0,82,40,4.1,MZ,1603818436
457,antalaha,-14.9,50.28,72.89600000000004,84,1,2.07,MG,1603818436
458,tilichiki,60.47,166.1,25.88000000000004,94,100,4.14,RU,1603818436
459,saint-georges,12.06,-61.75,87.8,70,20,5.1,GD,1603818436
460,emerald,-23.53,148.17,64.4,100,0,1.0,AU,1603818436
461,cap malheureux,-19.98,57.61,73.99400000000007,73,12,1.34,MU,1603818437
462,presidencia roque saenz pena,-26.79,-60.44,87.99800000000002,34,0,0.45,AR,1603818437
463,kongsberg,59.67,9.65,44.00600000000003,95,100,1.59,NO,1603818437
464,oranjestad,12.52,-70.03,87.8,66,20,4.6,AW,1603818215
465,tefe,-3.35,-64.71,91.4,66,40,4.1,BR,1603818153
466,gusau,12.16,6.66,83.67800000000007,26,56,1.94,NG,1603818437
467,rio grande,-32.03,-52.1,59.0,99,100,3.58,BR,1603818305
468,pemangkat,1.17,108.97,77.73800000000004,87,87,4.59,ID,1603818437
469,chulman,56.85,124.91,12.43399999999999,94,100,3.71,RU,1603818437
470,novorozhdestvenskaya,45.86,39.95,64.00400000000005,48,95,7.13,RU,1603818437
471,hot springs,34.5,-93.06,46.4,87,90,3.1,US,1603818295
472,ancud,-41.87,-73.82,53.6,66,40,8.2,CL,1603818426
473,cockburn town,21.46,-71.14,86.0,66,75,5.1,TC,1603818205
474,goderich,43.75,-81.72,44.00600000000003,87,100,6.37,CA,1603818358
475,preobrazheniye,42.9,133.91,48.758,80,23,1.8,RU,1603818438
476,laplace,30.07,-90.48,82.4,69,75,3.6,US,1603818438
477,sioux lookout,50.1,-91.92,21.2,73,90,7.7,CA,1603818439
478,mporokoso,-9.37,30.12,71.16800000000009,58,59,0.64,ZM,1603818439
479,bend,44.06,-121.32,51.008,48,1,2.6,US,1603818439
480,buala,-8.14,159.59,79.52000000000007,80,17,0.31,SB,1603818439
481,auki,-8.77,160.7,77.70200000000008,83,29,1.09,SB,1603818440
482,podor,16.65,-14.96,104.0,13,0,1.0,MR,1603818440
483,burnie,-41.07,145.92,51.008,70,65,2.68,AU,1603818440
484,quatre cocos,-20.21,57.76,75.2,73,75,2.6,MU,1603818432
485,agalatovo,60.22,30.27,53.99600000000005,79,100,4.49,RU,1603818440
486,nabire,-3.37,135.48,76.208,86,97,1.85,ID,1603818410
487,yamada,39.47,141.95,48.38000000000004,77,49,2.08,JP,1603818440
488,kavieng,-2.57,150.8,82.09400000000008,71,54,1.69,PG,1603818318
489,fukue,32.69,128.84,67.892,61,52,4.54,JP,1603818440
490,sesheke,-17.48,24.3,96.8,15,40,3.6,ZM,1603818441
491,toamasina,-18.17,49.38,75.2,88,20,1.0,MG,1603818441
492,vestmannaeyjar,63.44,-20.27,42.8,75,75,19.5,IS,1603818441
493,fairbanks,64.84,-147.72,26.99600000000005,100,90,1.5,US,1603818384
494,boyolangu,-8.12,111.89,75.57800000000006,89,96,1.46,ID,1603818441
495,nea vissa,41.58,26.53,65.24600000000005,55,4,2.45,GR,1603818441
496,ferrol,43.48,-8.24,59.0,100,75,3.1,ES,1603818441
497,manicore,-5.81,-61.3,87.13399999999999,59,100,1.05,BR,1603818441
498,heihe,50.24,127.49,39.2,64,75,2.0,CN,1603818441
499,sao joao da barra,-21.64,-41.05,84.2,58,20,4.19,BR,1603818142
500,wenling,28.37,121.36,62.99600000000005,87,4,2.83,CN,1603818441
501,tufesti,45.05,27.82,57.2,87,90,3.1,RO,1603818442
502,danjiangkou,32.54,111.51,60.74600000000005,39,100,1.88,CN,1603818442
503,meulaboh,4.14,96.13,77.45,85,89,1.18,ID,1603818357
504,krasnoselkup,65.7,82.47,-1.173999999999964,88,0,5.76,RU,1603818442
505,kaputa,-8.47,29.66,79.21400000000003,58,62,1.66,ZM,1603818405
506,damara,4.96,18.7,73.65200000000007,91,71,0.41,CF,1603818308
507,port-gentil,-0.72,8.78,82.4,78,75,6.2,GA,1603818443
508,svirsk,53.09,103.33,28.994000000000074,95,56,2.72,RU,1603818443
509,aboso,5.36,-1.95,76.80200000000008,93,100,2.48,GH,1603818443
510,christchurch,-43.53,172.63,46.99400000000007,100,100,0.5,NZ,1603818274
511,olean,42.08,-78.43,48.00200000000008,86,90,2.6,US,1603818421
512,half moon bay,37.46,-122.43,66.99199999999999,39,1,2.1,US,1603818414
513,biltine,14.53,20.92,90.12200000000004,14,2,4.08,TD,1603818443
514,newton,42.34,-71.21,53.99600000000005,62,75,4.6,US,1603818166
515,vilyuysk,63.76,121.62,0.06800000000003337,91,36,0.28,RU,1603818386
516,quthing,-30.4,27.7,68.01800000000009,50,71,7.75,LS,1603818443
517,davila,18.47,120.58,80.11400000000003,81,69,2.84,PH,1603818443
518,kamenka,51.32,42.77,37.99400000000007,72,76,5.3,RU,1603818441
519,marsa matruh,31.35,27.25,73.4,60,40,5.1,EG,1603818444
520,krasnyy chikoy,50.36,108.75,26.438000000000045,83,0,1.51,RU,1603818444
521,olot,42.18,2.49,53.99600000000005,74,36,0.89,ES,1603818444
522,port-cartier,50.03,-66.87,35.99600000000005,74,75,3.6,CA,1603818444
523,rabo de peixe,37.8,-25.58,68.0,64,20,6.2,PT,1603818444
524,loa janan,-0.58,117.09,76.08200000000002,88,100,1.12,ID,1603818445
525,alexandria,31.22,29.96,75.2,64,40,4.1,EG,1603818284
526,talcahuano,-36.72,-73.12,59.0,51,20,5.7,CL,1603818445
527,grindavik,63.84,-22.43,42.8,56,0,11.8,IS,1603818445
528,arlit,18.74,7.39,87.00800000000001,12,0,2.75,NE,1603818445
529,ulaanbaatar,47.91,106.88,14.0,78,0,0.9,MN,1603818428
530,hobyo,5.35,48.53,80.24000000000002,78,8,3.99,SO,1603818446
531,san cristobal,7.77,-72.22,86.0,58,40,2.6,VE,1603818379
532,edd,13.93,41.69,86.03600000000007,50,0,7.27,ER,1603818446
533,yantal,56.85,105.25,28.670000000000062,97,100,1.93,RU,1603818446
534,las palmas,28.42,-14.01,73.4,64,75,7.7,ES,1603818446
535,uspantan,15.38,-90.83,65.96600000000001,82,82,1.0,GT,1603818446
536,flinders,-34.58,150.86,55.99400000000007,90,47,0.45,AU,1603818446
537,vung tau,10.35,107.08,79.82600000000009,83,100,7.1,VN,1603818370
538,carutapera,-1.2,-46.02,87.36800000000008,56,68,4.37,BR,1603818447
539,rio verde de mato grosso,-18.92,-54.84,84.66800000000009,60,67,2.18,BR,1603818447
540,sobolevo,54.43,31.9,47.174000000000014,81,5,5.21,RU,1603818447
541,colares,38.8,-9.45,62.99600000000005,77,75,3.6,PT,1603818448
542,bama,11.52,13.69,85.71200000000006,19,0,5.25,NG,1603818448
543,krutikha,53.96,81.21,42.49400000000007,91,100,2.52,RU,1603818448
544,san luis,-33.3,-66.34,80.6,19,0,1.94,AR,1603818448
545,karakol,42.49,78.39,42.58399999999999,53,21,2.73,KG,1603818448
546,sinazongwe,-17.26,27.46,85.53200000000001,39,0,2.64,ZM,1603818449
547,doka,13.52,35.77,85.62200000000004,27,14,1.45,SD,1603818449
548,bukama,-9.2,25.85,82.292,52,59,2.22,CD,1603818449
549,surt,31.21,16.59,74.08399999999999,75,65,7.94,LY,1603818381
550,bay roberts,47.6,-53.26,53.99600000000005,100,90,4.1,CA,1603818449
551,fort nelson,58.81,-122.7,26.6,92,75,2.6,CA,1603818449
552,tuensang,26.28,94.83,64.99400000000007,83,1,0.99,IN,1603818449
553,voyvozh,62.89,54.96,27.73399999999999,98,100,4.04,RU,1603818449
554,rota,36.62,-6.36,66.2,55,0,3.6,ES,1603818449
555,rockhampton,-23.38,150.5,68.0,88,53,1.38,AU,1603818449
556,kavaratti,10.57,72.64,82.07600000000009,73,29,2.81,IN,1603818323
557,kill,52.18,-7.33,51.008,66,40,6.7,IE,1603818449
558,luanda,-8.84,13.23,78.8,83,75,4.1,AO,1603818193
559,ulladulla,-35.35,150.47,55.99400000000007,100,90,0.5,AU,1603818449
560,bairiki,1.33,172.98,78.8,78,40,2.1,KI,1603818449
561,kungur,57.44,56.96,27.662000000000056,91,64,2.31,RU,1603818450
562,samana,19.21,-69.34,80.6,83,75,2.1,DO,1603818450
563,nova vicosa,-17.89,-39.37,81.59000000000002,70,83,3.09,BR,1603818221
564,caravelas,-17.71,-39.25,82.23800000000004,69,85,3.22,BR,1603818140
565,tautira,-17.73,-149.15,78.8,83,75,5.1,PF,1603818451
566,tomatlan,19.93,-105.25,89.74400000000007,59,31,0.22,MX,1603818451
567,visnes,59.36,5.22,51.008,93,75,4.6,NO,1603818451
568,beisfjord,68.38,17.6,33.8,80,0,3.6,NO,1603818451
569,tombouctou,20.0,-3.0,96.35,10,0,3.65,ML,1603818451
570,longhua,23.61,114.19,70.50200000000008,70,29,1.19,CN,1603818451
571,batticaloa,7.71,81.69,80.49199999999999,80,34,2.36,LK,1603818451
572,villa carlos paz,-31.42,-64.5,84.99199999999999,25,0,9.8,AR,1603818451
573,san andres,12.58,-81.7,86.0,79,90,3.6,CO,1603818396
574,olavarria,-36.89,-60.32,69.692,53,0,4.62,AR,1603818452
